<?xml version="1.0" encoding="UTF-8"?>
<metadata xml:lang="en"><Esri><CreaDate>20180702</CreaDate><CreaTime>14443700</CreaTime><ArcGISFormat>1.0</ArcGISFormat><SyncOnce>TRUE</SyncOnce><DataProperties><itemProps><itemLocation><linkage Sync="TRUE">file://\\LIB-2310\C$\Temp\Luke\2018-07-02_ReUTM\roads_utm</linkage><protocol Sync="TRUE">Local Area Network</protocol></itemLocation></itemProps><copyHistory><copy source="C:\Temp\Luke\UTM_Points\roads_utm" dest="\\LIB-2310\C$\Temp\Luke\2018-07-02_ReUTM\roads_utm" date="20180702" time="14443700"></copy></copyHistory><lineage><Process ToolSource="c:\program files (x86)\arcgis\desktop10.5\ArcToolbox\Toolboxes\Data Management Tools.tbx\RepairGeometry" Date="20181024" Time="094446">RepairGeometry roads_utm DELETE_NULL</Process><Process ToolSource="c:\program files (x86)\arcgis\desktop10.5\ArcToolbox\Toolboxes\Data Management Tools.tbx\RepairGeometry" Date="20181024" Time="111633">RepairGeometry roads_utm DELETE_NULL</Process></lineage></DataProperties></Esri></metadata>
